Epoch,Train Loss,Val Loss,Perplexity
1,7.4800396,7.609705,2017.6826
2,7.200923,7.4249983,1677.3966
3,7.1411552,7.42639,1679.733
4,7.0943193,7.392801,1624.249
5,7.065497,7.348826,1554.3705
6,7.03221,7.3504267,1556.8606
7,6.999879,7.287578,1462.0255
8,6.9681573,7.2375126,1390.6305
9,6.946258,7.2009654,1340.7245
10,6.918291,7.169858,1299.66
